<?xml version="1.0"?>
<config xmlns:xsi="http://www.w3.org/2001/XMLSchema-instance"
        xsi:noNamespaceSchemaLocation="urn:magento:framework:Acl/etc/acl.xsd">
    <acl>
        <resources>
            <resource id="Magento_Backend::admin">
                <resource id="Admin_Grid::main" title="Admin Grid" sortOrder="10">
                    <resource id="Admin_Grid::save" title="Save User" sortOrder="20"/>
                </resource>
            </resource>
        </resources>
    </acl>
</config>