<?xml version="1.0"?>
<schema xmlns:xsi="http://www.w3.org/2001/XMLSchema-instance" xsi:noNamespaceSchemaLocation="urn:magento:framework:Setup/Declaration/Schema/etc/schema.xsd">
    <table name="admin_grid" resource="default" engine="innodb" comment="Admin Grid">
        <column name="entity_id" xsi:type="int" padding="10" unsigned="true" nullable="false" identity="true" comment="Entity ID"/>
        <column name="name" xsi:type="varchar" length="255" nullable="false" comment="Name"/>
        <column name="address" xsi:type="varchar" length="255" nullable="false" comment="Address"/>
        <column name="number" xsi:type="bigint"  nullable="false" comment="Number"/>
        <column name="created_at" xsi:type="timestamp" nullable="false" default="CURRENT_TIMESTAMP" comment="Created At"/>
        <column name="updated_at" xsi:type="timestamp" nullable="false" default="CURRENT_TIMESTAMP" comment="Updated At"/>

        <constraint xsi:type="primary" referenceId="PRIMARY">
            <column name="entity_id"/>
        </constraint>
    </table>
</schema>