<?xml version="1.0"?>
<config xmlns:xsi="http://www.w3.org/2001/XMLSchema-instance"
        xsi:noNamespaceSchemaLocation="urn:magento:framework:ObjectManager/etc/config.xsd">
    <type name="Admin\Grid\Ui\DataProvider\GridDataProvider">
        <arguments>
            <argument name="name" xsi:type="string">admin_grid_listing_data_source</argument>
            <argument name="primaryFieldName" xsi:type="string">entity_id</argument>
            <argument name="requestFieldName" xsi:type="string">entity_id</argument>
        </arguments>
    </type>
    <type name="Admin\Grid\Ui\DataProvider\FormDataProvider">
        <arguments>
            <argument name="request" xsi:type="object">Magento\Framework\App\RequestInterface</argument>
        </arguments>
    </type>
</config>