<?xml version="1.0"?>
<config xmlns:xsi="http://www.w3.org/2001/XMLSchema-instance" xsi:noNamespaceSchemaLocation="urn:magento:framework:Acl/etc/acl.xsd">
    <acl>
        <resources>
            <resource id="Magento_Backend::admin">
                <resource id="Rsgitech_News::rsgitech" title="Rsgitech" sortOrder="51">
                    <resource id="Rsgitech_News::news_allnews" title="All news" sortOrder="10">
                    
                        <resource id="Rsgitech_News::save" title="Save News" translate="title" sortOrder="10" />
                        <resource id="Rsgitech_News::news_delete" title="Delete News" translate="title" sortOrder="20" />
					</resource>
                </resource>
                <resource id="Magento_Backend::stores">
                    <resource id="Magento_Backend::stores_settings">
                        <resource id="Magento_Config::config">
                            <resource id="Rsgitech_News::news_config" title="Rsgitech News" translate="title"/>
						</resource>
                    </resource>
                </resource>
            </resource>
        </resources>
    </acl>
</config>