<?xml version="1.0"?>
<schema xmlns:xsi="http://www.w3.org/2001/XMLSchema-instance"
        xsi:noNamespaceSchemaLocation="urn:magento:framework:Setup/Declaration/Schema/etc/schema.xsd">
    <table name="rsgitech_news" resource="default" engine="innodb" comment="Rsgitech News Table">
        <column xsi:type="int" name="news_id" padding="10" unsigned="true" nullable="false" identity="true" comment="News ID"/>
        <column xsi:type="varchar" name="title" nullable="false" length="255" comment="Title"/>
        <column xsi:type="text" name="content" nullable="true" comment="Content"/>
        <column xsi:type="timestamp" name="created_at" nullable="false" default="CURRENT_TIMESTAMP" on_update="false" comment="Created At"/>
        <column xsi:type="timestamp" name="updated_at" nullable="false" default="CURRENT_TIMESTAMP" on_update="true" comment="Updated At"/>
        <constraint xsi:type="primary" referenceId="PRIMARY">
            <column name="news_id"/>
        </constraint>
    </table>
</schema>