<?xml version="1.0"?>
<config xmlns:xsi="http://www.w3.org/2001/XMLSchema-instance" xsi:noNamespaceSchemaLocation="urn:magento:framework:ObjectManager/etc/config.xsd">
    <preference for="Rsgitech\News\Api\Data\AllnewsInterface" type="Rsgitech\News\Model\Allnews" />
    <preference for="Rsgitech\News\Api\AllnewsRepositoryInterface" type="Rsgitech\News\Model\AllnewsRepository" />
    <virtualType name="AllnewsGridDataProvider" type="Magento\Framework\View\Element\UiComponent\DataProvider\DataProvider">
        <arguments>
            <argument name="collection" xsi:type="object" shared="false">Rsgitech\News\Model\ResourceModel\Allnews\Collection</argument>
        </arguments>
    </virtualType>
    <type name="Magento\Framework\View\Element\UiComponent\DataProvider\CollectionFactory">
        <arguments>
            <argument name="collections" xsi:type="array">
                <item name="news_allnews_listing_data_source" xsi:type="string">Rsgitech\News\Model\ResourceModel\Allnews\Grid\Collection</item>
            </argument>
        </arguments>
    </type>
    <type name="Rsgitech\News\Model\ResourceModel\Allnews\Grid\Collection">
        <arguments>
            <argument name="mainTable" xsi:type="string">rsgitech_news</argument>
            <argument name="eventPrefix" xsi:type="string">rsgitech_news_grid_collection</argument>
            <argument name="eventObject" xsi:type="string">rsgitech_news_collection</argument>
            <argument name="resourceModel" xsi:type="string">Rsgitech\Rsgitech\Model\ResourceModel\Allnews</argument>
        </arguments>
    </type>
    <type name="Magento\Framework\Model\Entity\RepositoryFactory">
        <arguments>
            <argument name="entities" xsi:type="array">
                <item name="Rsgitech\News\Api\Data\AllnewsInterface" xsi:type="string">Rsgitech\News\Api\AllnewsRepositoryInterface</item>
            </argument>
        </arguments>
    </type>
</config>